IP地址,端口,TLS,数据中心,地区,城市,网络延迟,下载速度
8.218.201.73,8880,false,HKG,Asia Pacific,Hong Kong,13 ms,84094 kB/s
47.243.86.79,8880,false,HKG,Asia Pacific,Hong Kong,14 ms,83832 kB/s
8.210.156.6,8880,false,HKG,Asia Pacific,Hong Kong,15 ms,83325 kB/s
8.218.181.189,8880,false,HKG,Asia Pacific,Hong Kong,14 ms,82743 kB/s
8.210.55.134,8880,false,HKG,Asia Pacific,Hong Kong,13 ms,80880 kB/s
8.210.146.108,8880,false,HKG,Asia Pacific,Hong Kong,10 ms,75966 kB/s
47.243.60.150,8880,false,HKG,Asia Pacific,Hong Kong,13 ms,74852 kB/s
8.218.8.142,8880,false,HKG,Asia Pacific,Hong Kong,12 ms,71057 kB/s
8.218.126.53,8880,false,HKG,Asia Pacific,Hong Kong,11 ms,65903 kB/s
47.243.203.119,8880,false,HKG,Asia Pacific,Hong Kong,11 ms,60476 kB/s
8.218.81.14,8880,false,HKG,Asia Pacific,Hong Kong,13 ms,59125 kB/s
8.210.175.109,8880,false,HKG,Asia Pacific,Hong Kong,14 ms,45193 kB/s
47.243.74.220,8880,false,HKG,Asia Pacific,Hong Kong,1 ms,31228 kB/s
47.243.107.148,8880,false,HKG,Asia Pacific,Hong Kong,11 ms,8494 kB/s
47.243.234.9,8880,false,HKG,Asia Pacific,Hong Kong,12 ms,3805 kB/s
47.243.183.127,8880,false,HKG,Asia Pacific,Hong Kong,13 ms,2746 kB/s
47.243.120.239,8880,false,HKG,Asia Pacific,Hong Kong,12 ms,138 kB/s
8.210.126.88,8880,false,HKG,Asia Pacific,Hong Kong,12 ms,131 kB/s
47.243.169.90,8880,false,HKG,Asia Pacific,Hong Kong,12 ms,107 kB/s
